label,games,p0Wins,p1Wins,ties,p0WinRate,p1WinRate,avgTurns,avgGoldDelta,stalls,well_act_per_game,supplies_act_per_game,leopard_statue_act_per_game,boat_act_per_game,weapons_act_per_game,scale_act_per_game,drums_act_per_game,kettle_act_per_game,throne_act_per_game,mask_of_transformation_act_per_game
easy vs easy,100,48,51,1,0.48,0.51,64.69,-0.19,0,1.98,2.28,0.59,0.54,1.60,1.44,2.67,1.50,1.36,0.00
easy vs medium,100,20,77,3,0.2,0.77,54.65,-17.57,0,9.72,10.00,4.31,3.70,7.64,3.46,5.66,4.23,3.79,0.59
easy vs hard,100,2,98,0,0.02,0.98,38.2,-32.33,0,7.31,3.84,2.74,2.82,3.39,2.73,2.43,2.30,1.38,0.62
medium vs medium,100,52,48,0,0.52,0.48,51.2,3.38,0,16.74,9.98,5.73,7.13,9.55,6.18,7.81,8.70,6.17,1.22
medium vs hard,100,5,95,0,0.05,0.95,34.4,-31.4,0,8.62,5.98,3.75,4.26,6.00,3.40,4.84,3.51,3.95,0.95
hard vs medium,100,96,4,0,0.96,0.04,34.98,34.42,0,7.22,7.11,4.94,4.75,5.67,3.51,5.28,4.40,3.51,0.48
hard vs hard,100,62,36,2,0.62,0.36,31.26,4.97,0,7.76,5.85,4.62,3.33,5.04,3.48,3.20,3.53,2.73,0.29
hard vs expert,100,24,76,0,0.24,0.76,29.05,-16.14,0,5.27,3.85,2.44,2.73,3.97,2.48,1.52,1.86,1.73,0.53
expert vs hard,100,85,15,0,0.85,0.15,28.63,18.71,0,4.42,4.68,2.61,2.67,4.21,2.09,1.85,1.87,1.46,0.26
expert vs expert,100,57,40,3,0.57,0.4,29.03,4.04,0,1.89,2.33,1.41,2.30,3.32,1.10,0.44,1.41,0.50,0.51
